IP Address,Latitude,Longitude
185.195.71.2,47.1449,8.1551
109.70.100.28,48.1936,16.3726
51.75.64.23,48.8582,2.3387
82.221.128.191,65.0,-18.0
109.70.100.31,48.1936,16.3726
185.220.100.254,49.4617,11.0731
185.195.71.2,47.1449,8.1551
185.220.103.9,40.7064,-73.9473
195.176.3.23,46.2334,6.1164
185.220.100.243,49.4617,11.0731
185.220.100.245,49.4617,11.0731
198.58.107.53,32.9473,-96.7028
199.249.230.83,32.7994,-117.1686
199.249.230.75,32.7994,-117.1686
104.244.76.13,49.6113,6.1294
71.19.144.106,37.353,-121.9543
95.143.193.125,55.6078,12.9982
185.220.100.241,49.4617,11.0731
109.70.100.22,48.1936,16.3726
178.20.55.18,45.6162,6.7779
195.176.3.20,46.2334,6.1164
199.249.230.121,32.7994,-117.1686
109.70.100.23,48.1936,16.3726
91.250.242.12,44.4117,26.0422
185.82.219.109,42.6951,23.325
185.220.103.4,40.7064,-73.9473
199.249.230.89,32.7994,-117.1686
45.15.16.105,59.3287,18.0717
217.79.178.53,51.2993,9.491
185.220.100.242,49.4617,11.0731
185.195.71.2,47.1449,8.1551
204.11.50.131,43.6319,-79.3716
171.25.193.77,59.3247,18.056
91.92.109.43,42.696,23.332
199.249.230.84,32.7994,-117.1686
109.70.100.21,48.1936,16.3726
185.220.100.246,49.4617,11.0731
213.95.149.22,49.4213,10.9519
185.195.71.2,47.1449,8.1551
109.169.33.163,51.4964,-0.1224
46.232.251.191,51.2993,9.491
176.58.100.98,51.5164,-0.093
199.249.230.65,32.7994,-117.1686
94.16.121.91,48.2048,16.3801
199.249.230.118,32.7994,-117.1686
109.70.100.25,48.1936,16.3726
162.247.72.199,37.751,-97.822
80.67.172.162,48.8582,2.3387
109.70.100.26,48.1936,16.3726
185.220.100.255,49.4617,11.0731
27.122.59.100,1.3036,103.8554
178.17.171.102,47.0042,28.8574
43.251.159.144,22.2908,114.1501
178.17.171.197,47.0042,28.8574
199.249.230.85,32.7994,-117.1686
109.70.100.30,48.1936,16.3726
185.220.100.247,49.4617,11.0731
162.247.74.27,37.751,-97.822
185.195.71.2,47.1449,8.1551
162.247.74.204,37.751,-97.822
202.165.228.225,31.5822,74.3292
83.96.213.63,52.3085,5.036
185.195.71.244,47.1449,8.1551
179.48.251.188,9.9333,-84.0845
185.10.16.41,48.8582,2.3387
80.241.60.207,52.5321,13.4012
185.195.71.244,47.1449,8.1551
178.17.174.232,47.0042,28.8574
94.230.208.147,47.3857,8.5348
109.69.67.17,51.2993,9.491
46.29.248.238,38.894,-77.0365
195.176.3.20,46.2334,6.1164
185.195.71.2,47.1449,8.1551
185.220.100.253,49.4617,11.0731
185.220.100.248,49.4617,11.0731
185.195.71.2,47.1449,8.1551
199.249.230.115,32.7994,-117.1686
185.220.100.241,49.4617,11.0731
199.249.230.71,32.7994,-117.1686
66.146.193.33,41.923,-87.7531
185.220.103.6,40.7064,-73.9473
103.253.41.98,22.2578,114.1657
109.70.100.34,48.1936,16.3726
185.220.100.251,49.4617,11.0731
45.129.56.200,55.6689,12.5872
45.128.133.242,50.8509,4.3447
185.220.100.244,49.4617,11.0731
185.165.171.84,-4.5833,55.6667
45.66.35.35,52.3591,4.793
185.220.103.8,40.7064,-73.9473
162.247.74.202,37.751,-97.822
46.166.139.111,52.3824,4.8995
193.218.118.182,50.458,30.5303
199.249.230.114,32.7994,-117.1686
162.247.74.201,37.751,-97.822
109.70.100.29,48.1936,16.3726
138.59.18.110,10.0029,-84.0
199.249.230.74,32.7994,-117.1686
185.220.100.247,49.4617,11.0731
199.249.230.76,32.7994,-117.1686
185.195.71.2,47.1449,8.1551
195.176.3.23,46.2334,6.1164
82.223.14.245,40.4172,-3.684
109.70.100.27,48.1936,16.3726
103.236.201.88,-6.1728,106.8272
176.10.107.180,47.1449,8.1551
195.176.3.19,46.2334,6.1164
199.249.230.68,32.7994,-117.1686
185.220.100.243,49.4617,11.0731
199.249.230.81,32.7994,-117.1686
87.118.116.90,51.2993,9.491
89.163.143.8,51.0837,6.6114
91.244.181.85,51.5164,-0.093
87.118.122.30,51.2993,9.491
199.249.230.79,32.7994,-117.1686
185.220.100.248,49.4617,11.0731
89.234.157.254,43.4851,1.4505
195.206.105.217,47.3682,8.5671
87.118.116.103,51.2993,9.491
162.247.74.213,37.751,-97.822
144.217.80.80,45.3161,-73.8736
109.70.100.20,48.1936,16.3726
204.85.191.8,35.9153,-79.0386
87.118.96.154,51.2993,9.491
162.247.74.74,37.751,-97.822
199.249.230.82,32.7994,-117.1686
139.99.172.11,-33.8601,151.2101
162.247.74.217,37.751,-97.822
95.154.24.73,55.7277,8.2199
87.118.122.51,51.2993,9.491
95.142.161.63,48.8582,2.3387
94.142.244.16,52.3824,4.8995
185.220.100.255,49.4617,11.0731
185.220.100.246,49.4617,11.0731
185.220.100.244,49.4617,11.0731
198.96.155.3,43.6319,-79.3716
185.130.44.108,59.3287,18.0717
178.17.170.135,47.0042,28.8574
159.89.174.9,12.9634,77.5855
185.220.100.250,49.4617,11.0731
195.176.3.19,46.2334,6.1164
94.230.208.148,47.3857,8.5348
77.81.247.72,52.3891,4.6563
199.249.230.70,32.7994,-117.1686
109.70.100.24,48.1936,16.3726
162.247.74.216,37.751,-97.822
217.79.178.53,51.2993,9.491
104.244.74.57,49.6113,6.1294
188.214.104.146,44.4117,26.0422
162.247.74.200,37.751,-97.822
162.247.73.192,37.751,-97.822
185.220.100.240,49.4617,11.0731
185.195.71.2,47.1449,8.1551
109.70.100.32,48.1936,16.3726
185.220.100.249,49.4617,11.0731
185.195.71.2,47.1449,8.1551
185.56.171.94,43.1479,12.1097
185.220.100.249,49.4617,11.0731
164.132.9.199,47.9047,1.9076
185.42.170.203,59.0,26.0
185.100.86.154,60.152,24.8876
163.172.41.228,49.1228,6.1742
130.149.80.199,52.5431,13.2634
185.220.100.242,49.4617,11.0731
185.100.86.128,60.152,24.8876
199.249.230.123,32.7994,-117.1686
199.249.230.106,32.7994,-117.1686
199.249.230.108,32.7994,-117.1686
198.50.128.237,43.6319,-79.3716
162.247.74.206,37.751,-97.822
209.141.50.178,36.102,-115.1447
199.249.230.104,32.7994,-117.1686
123.30.128.138,16.1667,107.8333
185.220.103.7,40.7064,-73.9473
185.220.100.254,49.4617,11.0731
94.230.208.147,47.3857,8.5348
185.220.100.252,49.4617,11.0731
185.220.100.240,49.4617,11.0731
104.244.74.97,49.6113,6.1294
199.249.230.102,32.7994,-117.1686
178.17.174.198,47.0042,28.8574
199.249.230.64,32.7994,-117.1686
180.150.226.99,37.5112,126.9741
95.128.43.164,48.9319,2.3033
185.220.100.250,49.4617,11.0731
189.84.21.44,-22.9485,-43.3436
109.70.100.19,48.1936,16.3726
199.249.230.100,32.7994,-117.1686
109.70.100.33,48.1936,16.3726
198.98.51.189,40.6063,-74.1774
185.220.100.253,49.4617,11.0731
192.42.116.16,52.3824,4.8995
181.119.30.26,4.6496,-74.0632
195.176.3.24,46.2334,6.1164
178.17.174.14,47.0042,28.8574
94.32.66.15,43.1479,12.1097
185.220.100.252,49.4617,11.0731
89.234.157.254,43.4851,1.4505
87.118.116.12,51.2993,9.491
199.249.230.80,32.7994,-117.1686
185.220.100.251,49.4617,11.0731
185.195.71.2,47.1449,8.1551
51.38.233.93,48.8582,2.3387
171.25.193.20,59.3247,18.056
209.141.54.195,36.102,-115.1447
185.220.103.5,40.7064,-73.9473
178.20.55.16,45.6162,6.7779
185.220.100.245,49.4617,11.0731
166.70.207.2,40.3119,-111.6959
89.163.143.8,51.0837,6.6114
180.149.125.139,46.0,105.0
217.12.221.131,49.982,36.2566
178.17.174.211,47.0042,28.8574
125.212.241.131,10.822,106.6257
178.17.170.23,47.0042,28.8574
195.176.3.24,46.2334,6.1164
103.28.52.93,-6.1728,106.8272
95.216.145.1,60.1719,24.9347
204.85.191.9,35.9153,-79.0386
46.194.33.115,57.8704,11.9745
185.35.202.222,59.955,10.859
104.244.72.115,49.6113,6.1294
109.70.100.35,48.1936,16.3726
109.70.100.36,48.1936,16.3726
199.195.250.77,40.6063,-74.1774
195.80.151.30,42.6951,23.325
45.79.177.190,40.8229,-74.4592
104.244.73.193,49.6113,6.1294
185.170.114.25,51.2993,9.491
208.68.7.129,37.751,-97.822
103.228.53.155,2.5,112.5
212.109.197.1,51.955,85.9532
131.255.4.96,-34.6022,-58.3845
91.132.147.168,51.2993,9.491
107.189.10.237,49.7895,6.0679
82.146.55.139,55.7483,37.6171
217.79.179.7,51.2993,9.491
185.38.175.130,55.7123,12.0564
195.144.21.219,48.3016,16.3436
94.140.114.190,57.0,25.0
199.249.230.140,32.7994,-117.1686
199.249.230.142,32.7994,-117.1686
199.249.230.141,32.7994,-117.1686
199.249.230.144,32.7994,-117.1686
199.249.230.143,32.7994,-117.1686
199.249.230.148,32.7994,-117.1686
199.249.230.146,32.7994,-117.1686
199.249.230.149,32.7994,-117.1686
199.249.230.145,32.7994,-117.1686
199.249.230.147,32.7994,-117.1686
199.249.230.152,32.7994,-117.1686
199.249.230.151,32.7994,-117.1686
199.249.230.166,32.7994,-117.1686
199.249.230.168,32.7994,-117.1686
199.249.230.160,32.7994,-117.1686
199.249.230.183,32.7994,-117.1686
199.249.230.187,32.7994,-117.1686
199.249.230.162,32.7994,-117.1686
199.249.230.164,32.7994,-117.1686
199.249.230.181,32.7994,-117.1686
199.249.230.174,32.7994,-117.1686
199.249.230.185,32.7994,-117.1686
199.249.230.170,32.7994,-117.1686
199.249.230.159,32.7994,-117.1686
199.249.230.156,32.7994,-117.1686
199.249.230.153,32.7994,-117.1686
199.249.230.158,32.7994,-117.1686
199.249.230.157,32.7994,-117.1686
199.249.230.154,32.7994,-117.1686
199.249.230.172,32.7994,-117.1686
199.249.230.163,32.7994,-117.1686
199.249.230.189,32.7994,-117.1686
204.194.29.4,37.751,-97.822
209.141.45.189,36.102,-115.1447
209.141.45.189,36.102,-115.1447
185.185.170.27,60.1719,24.9347
94.142.244.16,52.3824,4.8995
104.244.73.43,49.7855,6.1001
193.218.118.155,50.458,30.5303
193.218.118.156,50.458,30.5303
209.141.53.20,36.102,-115.1447
185.4.132.183,37.9842,23.7353
185.4.132.135,37.9842,23.7353
184.105.220.24,34.0544,-118.244
94.142.241.194,52.3824,4.8995
94.142.241.194,52.3824,4.8995
171.25.193.78,59.3247,18.056
171.25.193.25,59.3247,18.056
71.19.144.89,37.353,-121.9543
193.218.118.125,50.458,30.5303
193.218.118.145,50.458,30.5303
185.220.102.250,51.2993,9.491
185.220.102.252,51.2993,9.491
185.220.102.251,51.2993,9.491
185.220.102.253,51.2993,9.491
185.220.102.254,51.2993,9.491
185.220.102.250,51.2993,9.491
185.220.102.249,51.2993,9.491
185.220.102.252,51.2993,9.491
185.220.102.253,51.2993,9.491
185.220.102.254,51.2993,9.491
185.220.102.248,51.2993,9.491
185.220.102.249,51.2993,9.491
185.220.102.251,51.2993,9.491
185.220.102.248,51.2993,9.491
185.38.175.131,55.7123,12.0564
185.107.47.215,52.3824,4.8995
193.189.100.202,51.4964,-0.1224
193.189.100.199,51.4964,-0.1224
193.189.100.195,51.4964,-0.1224
193.189.100.198,51.4964,-0.1224
193.189.100.196,51.4964,-0.1224
193.189.100.197,51.4964,-0.1224
109.70.100.22,48.1936,16.3726
109.70.100.19,48.1936,16.3726
109.70.100.21,48.1936,16.3726
109.70.100.20,48.1936,16.3726
101.3.116.49,25.0504,121.5324
104.244.76.170,49.6113,6.1294
199.249.230.67,32.7994,-117.1686
199.249.230.178,32.7994,-117.1686
199.249.230.66,32.7994,-117.1686
199.249.230.73,32.7994,-117.1686
199.249.230.177,32.7994,-117.1686
199.249.230.116,32.7994,-117.1686
199.249.230.88,32.7994,-117.1686
199.249.230.150,32.7994,-117.1686
199.249.230.72,32.7994,-117.1686
199.249.230.161,32.7994,-117.1686
199.249.230.86,32.7994,-117.1686
199.249.230.69,32.7994,-117.1686
199.249.230.155,32.7994,-117.1686
199.249.230.175,32.7994,-117.1686
199.249.230.112,32.7994,-117.1686
199.249.230.110,32.7994,-117.1686
199.249.230.78,32.7994,-117.1686
185.220.102.241,51.2993,9.491
185.220.102.245,51.2993,9.491
185.220.102.246,51.2993,9.491
185.220.102.244,51.2993,9.491
185.220.102.245,51.2993,9.491
185.220.102.246,51.2993,9.491
185.220.102.241,51.2993,9.491
185.220.102.247,51.2993,9.491
185.220.102.247,51.2993,9.491
185.220.102.243,51.2993,9.491
185.220.102.244,51.2993,9.491
185.220.102.242,51.2993,9.491
185.220.102.242,51.2993,9.491
185.220.102.240,51.2993,9.491
185.220.102.243,51.2993,9.491
185.220.102.240,51.2993,9.491
193.239.232.101,59.3247,18.056
71.19.154.84,37.353,-121.9543
64.113.32.29,43.3837,-84.099
204.17.56.42,31.8547,-111.0087
5.2.78.69,52.3824,4.8995
109.70.100.23,48.1936,16.3726
109.70.100.26,48.1936,16.3726
109.70.100.28,48.1936,16.3726
109.70.100.29,48.1936,16.3726
109.70.100.30,48.1936,16.3726
109.70.100.25,48.1936,16.3726
109.70.100.24,48.1936,16.3726
109.70.100.27,48.1936,16.3726
107.189.30.86,49.6113,6.1294
204.17.56.42,31.8547,-111.0087
45.151.167.10,51.2993,9.491
51.15.59.15,52.3803,4.6422
92.246.84.133,51.2993,9.491
205.185.124.200,36.102,-115.1447
104.244.74.28,49.6113,6.1294
199.195.254.254,40.6063,-74.1774
200.122.181.2,10.0029,-84.0
193.218.118.90,50.458,30.5303
193.218.118.100,50.458,30.5303
198.98.60.90,40.6063,-74.1774
209.141.46.203,36.102,-115.1447
178.17.174.164,47.0042,28.8574
45.154.255.147,59.3287,18.0717
45.151.167.10,51.2993,9.491
104.244.73.13,49.6113,6.1294
104.244.73.13,49.6113,6.1294
107.189.11.153,49.6113,6.1294
107.189.11.153,49.6113,6.1294
104.244.73.93,49.6113,6.1294
104.244.73.93,49.6113,6.1294
45.153.160.129,52.3824,4.8995
45.153.160.130,52.3824,4.8995
85.195.206.139,47.3804,8.5412
5.2.77.22,52.3824,4.8995
199.195.254.81,40.6063,-74.1774
199.195.254.81,40.6063,-74.1774
104.244.73.205,49.6113,6.1294
104.244.73.205,49.6113,6.1294
51.83.131.42,52.2484,21.0026
51.195.42.226,48.8582,2.3387
51.178.86.137,48.8582,2.3387
141.239.152.254,21.289,-157.8028
45.153.160.138,52.3824,4.8995
45.153.160.132,52.3824,4.8995
45.153.160.131,52.3824,4.8995
45.153.160.140,52.3824,4.8995
45.153.160.139,52.3824,4.8995
45.153.160.133,52.3824,4.8995
45.153.160.135,52.3824,4.8995
45.153.160.136,52.3824,4.8995
45.153.160.134,52.3824,4.8995
45.153.160.137,52.3824,4.8995
104.244.77.53,49.6113,6.1294
104.244.73.46,49.7855,6.1001
104.244.75.33,49.6113,6.1294
107.189.10.143,49.7895,6.0679
104.244.74.211,49.6113,6.1294
104.244.72.168,49.6113,6.1294
104.244.74.211,49.6113,6.1294
104.244.72.168,49.6113,6.1294
213.164.204.89,59.3274,18.0653
104.244.73.85,49.6113,6.1294
213.164.204.90,59.3274,18.0653
104.244.77.101,49.6113,6.1294
104.244.77.101,49.6113,6.1294
79.136.1.46,59.2857,18.0611
185.56.80.65,-4.5833,55.6667
198.98.61.131,40.6063,-74.1774
198.98.48.175,40.6063,-74.1774
51.195.103.74,48.8582,2.3387
213.164.204.38,59.3274,18.0653
178.17.174.68,47.0042,28.8574
87.118.110.27,51.2993,9.491
205.185.127.35,36.102,-115.1447
205.185.127.35,36.102,-115.1447
185.112.144.119,65.0,-18.0
185.196.2.251,34.0544,-118.2441
209.141.56.96,36.102,-115.1447
205.185.120.173,36.102,-115.1447
37.187.96.183,49.3429,2.6791
209.141.41.225,36.102,-115.1447
104.244.72.152,49.6113,6.1294
204.8.156.142,42.2904,-71.0712
104.244.77.122,49.6113,6.1294
104.244.77.122,49.6113,6.1294
104.244.79.187,49.6113,6.1294
107.189.10.154,49.7895,6.0679
104.244.72.36,49.6113,6.1294
104.244.72.36,49.6113,6.1294
104.244.72.248,49.6113,6.1294
107.189.11.207,49.6113,6.1294
104.244.75.80,49.6113,6.1294
104.244.79.196,49.6113,6.1294
104.244.79.196,49.6113,6.1294
213.164.204.94,59.3274,18.0653
213.164.204.160,59.3274,18.0653
45.153.160.2,52.3824,4.8995
192.42.116.27,52.3824,4.8995
192.42.116.19,52.3824,4.8995
192.42.116.22,52.3824,4.8995
192.42.116.20,52.3824,4.8995
192.42.116.15,52.3824,4.8995
192.42.116.25,52.3824,4.8995
192.42.116.28,52.3824,4.8995
192.42.116.26,52.3824,4.8995
192.42.116.23,52.3824,4.8995
192.42.116.17,52.3824,4.8995
192.42.116.24,52.3824,4.8995
192.42.116.14,52.3824,4.8995
192.42.116.18,52.3824,4.8995
104.244.74.55,49.6113,6.1294
213.164.204.152,59.3274,18.0653
213.164.204.116,59.3274,18.0653
213.164.204.165,59.3274,18.0653
107.189.31.181,49.6113,6.1294
216.218.134.12,37.751,-97.822
213.164.204.171,59.3274,18.0653
193.218.118.167,50.458,30.5303
193.218.118.62,50.458,30.5303
107.174.244.102,47.4902,-122.3004
193.218.118.183,50.458,30.5303
91.149.225.120,52.2394,21.0362
157.90.38.9,51.2993,9.491
176.152.45.213,44.6311,-1.1404
107.189.30.230,49.6113,6.1294
107.189.31.102,49.6113,6.1294
205.185.120.206,36.102,-115.1447
185.100.87.202,44.4117,26.0422
199.249.230.101,32.7994,-117.1686
199.249.230.119,32.7994,-117.1686
199.249.230.169,32.7994,-117.1686
199.249.230.186,32.7994,-117.1686
199.249.230.77,32.7994,-117.1686
199.249.230.182,32.7994,-117.1686
199.249.230.173,32.7994,-117.1686
199.249.230.165,32.7994,-117.1686
199.249.230.176,32.7994,-117.1686
199.249.230.117,32.7994,-117.1686
199.249.230.122,32.7994,-117.1686
199.249.230.171,32.7994,-117.1686
199.249.230.179,32.7994,-117.1686
199.249.230.111,32.7994,-117.1686
199.249.230.103,32.7994,-117.1686
199.249.230.113,32.7994,-117.1686
199.249.230.188,32.7994,-117.1686
199.249.230.180,32.7994,-117.1686
199.249.230.167,32.7994,-117.1686
199.249.230.107,32.7994,-117.1686
199.249.230.184,32.7994,-117.1686
199.249.230.105,32.7994,-117.1686
199.249.230.120,32.7994,-117.1686
193.189.100.203,51.4964,-0.1224
193.189.100.204,51.4964,-0.1224
193.189.100.206,51.4964,-0.1224
199.249.230.109,32.7994,-117.1686
193.189.100.205,51.4964,-0.1224
185.233.100.23,48.8582,2.3387
172.81.131.111,37.751,-97.822
193.31.24.154,51.2993,9.491
198.98.57.207,40.6063,-74.1774
51.15.197.24,48.8582,2.3387
209.141.55.26,36.102,-115.1447
185.193.127.153,60.1717,24.9349
185.100.87.250,44.4117,26.0422
82.221.139.190,65.0,-18.0
194.182.73.224,50.0853,14.411
185.67.82.114,60.1719,24.9347
45.79.177.21,40.8229,-74.4592
213.164.205.168,59.3274,18.0653
104.244.72.123,49.6113,6.1294
213.164.205.169,59.3274,18.0653
82.68.49.227,53.4665,-1.3455
213.164.205.167,59.3274,18.0653
104.244.72.91,49.6113,6.1294
107.189.10.63,49.7895,6.0679
107.189.30.22,49.6113,6.1294
193.218.118.101,50.458,30.5303
193.218.118.147,50.458,30.5303
45.151.167.11,51.2993,9.491
190.10.8.166,9.3573,-83.6356
139.99.239.135,-33.8601,151.2101
51.79.204.46,1.2868,103.8503
167.71.224.186,12.9634,77.5855
143.198.208.126,1.3078,103.6818
172.104.179.146,1.3036,103.8554
185.104.120.10,51.4032,-0.9207
62.171.142.3,49.405,11.1617
176.126.253.190,45.9968,24.997
45.121.147.218,2.5,112.5
198.54.128.38,39.7501,-104.9957
185.100.87.250,44.4117,26.0422
51.158.183.63,48.8323,2.4075
45.192.176.44,35.6893,139.6899
45.151.167.11,51.2993,9.491
72.167.47.69,37.751,-97.822
213.164.206.124,59.3274,18.0653
213.164.206.123,59.3274,18.0653
176.123.7.102,47.0188,28.8128
51.77.39.255,52.2484,21.0026
173.249.57.253,49.405,11.1617
104.244.73.126,49.6113,6.1294
209.141.34.232,36.102,-115.1447
185.117.118.15,60.1792,24.9337
149.56.44.47,45.4995,-73.5848
212.102.50.33,35.6893,139.6899
5.2.69.50,52.3824,4.8995
185.83.214.69,59.1728,10.2221
156.146.34.193,35.6893,139.6899
185.83.214.69,59.1728,10.2221
51.81.160.187,45.5229,-122.9898
185.100.87.192,44.4117,26.0422
185.100.87.192,44.4117,26.0422
159.65.50.174,51.5368,-0.6718
96.66.15.152,42.6002,-83.0033
216.186.250.53,41.4951,-81.4657
185.107.47.171,52.3824,4.8995
138.68.69.37,50.1188,8.6843
5.2.67.226,52.3824,4.8995
178.17.171.109,47.0042,28.8574
185.104.120.20,51.4032,-0.9207
185.104.120.30,51.4032,-0.9207
185.104.120.40,51.4032,-0.9207
45.137.184.31,52.3824,4.8995
185.100.87.72,44.4117,26.0422
107.189.5.248,49.6113,6.1294
107.189.5.248,49.6113,6.1294
51.195.107.236,48.8582,2.3387
205.185.126.167,36.102,-115.1447
213.164.204.177,59.3274,18.0653
199.195.253.149,40.6063,-74.1774
199.195.253.149,40.6063,-74.1774
45.153.160.140,52.3824,4.8995
5.2.76.221,52.3824,4.8995
66.220.242.222,43.6171,-72.9636
5.2.72.226,52.3824,4.8995
198.98.59.35,40.6063,-74.1774
198.98.59.35,40.6063,-74.1774
193.239.232.102,59.3247,18.056
51.15.227.109,48.8582,2.3387
51.15.127.227,52.3759,4.8975
107.189.8.65,49.6113,6.1294
107.189.30.23,49.6113,6.1294
107.189.29.41,49.6113,6.1294
104.244.77.235,49.6113,6.1294
107.189.31.241,49.6113,6.1294
104.244.77.235,49.6113,6.1294
205.185.117.149,36.102,-115.1447
185.82.126.13,57.0,25.0
107.189.30.23,49.6113,6.1294
107.189.31.241,49.6113,6.1294
107.189.30.75,49.6113,6.1294
107.189.29.41,49.6113,6.1294
139.162.43.196,1.3036,103.8554
107.189.7.243,49.6113,6.1294
107.189.7.243,49.6113,6.1294
185.129.62.62,55.7123,12.0564
104.244.73.169,49.6113,6.1294
104.244.73.169,49.6113,6.1294
107.189.30.58,49.6113,6.1294
107.189.2.222,49.6113,6.1294
104.244.77.73,49.6113,6.1294
45.61.186.108,25.7806,-80.1826
45.61.186.108,25.7806,-80.1826
45.61.186.166,25.7806,-80.1826
45.61.186.166,25.7806,-80.1826
209.141.57.164,36.102,-115.1447
45.61.185.114,25.7806,-80.1826
45.61.185.114,25.7806,-80.1826
45.61.185.90,25.7806,-80.1826
45.61.185.90,25.7806,-80.1826
107.189.1.160,49.6113,6.1294
104.244.72.65,49.6113,6.1294
213.61.215.54,48.1336,11.5658
45.61.186.169,25.7806,-80.1826
45.61.186.169,25.7806,-80.1826
185.242.180.182,43.1479,12.1097
208.68.5.17,37.751,-97.822
77.68.20.217,53.5866,-2.4354
45.61.185.125,25.7806,-80.1826
45.61.185.125,25.7806,-80.1826
185.10.68.195,-4.5833,55.6667
41.215.241.146,30.0355,31.223
107.189.7.156,49.6113,6.1294
109.70.100.35,48.1936,16.3726
109.70.100.33,48.1936,16.3726
109.70.100.36,48.1936,16.3726
109.70.100.32,48.1936,16.3726
109.70.100.31,48.1936,16.3726
109.70.100.34,48.1936,16.3726
187.20.54.20,-19.8629,-44.4392
209.141.46.81,36.102,-115.1447
45.61.184.239,25.7806,-80.1826
104.244.76.44,49.6113,6.1294
198.98.57.24,40.6063,-74.1774
62.212.95.196,52.3824,4.8995
46.232.249.138,51.2993,9.491
198.144.121.43,40.6394,-74.4489
185.165.168.77,-4.5833,55.6667
36.227.167.74,25.1403,121.4948
46.232.249.138,51.2993,9.491
107.189.31.195,49.6113,6.1294
107.189.7.175,49.6113,6.1294
107.189.7.175,49.6113,6.1294
107.189.5.68,49.6113,6.1294
107.189.5.68,49.6113,6.1294
198.98.62.120,40.6063,-74.1774
172.107.201.134,35.6164,139.7425
185.220.102.4,51.2993,9.491
185.220.102.4,51.2993,9.491
107.189.4.203,49.6113,6.1294
107.189.4.203,49.6113,6.1294
107.189.28.100,49.6113,6.1294
107.189.28.100,49.6113,6.1294
144.172.118.4,30.1182,-95.4281
46.182.21.248,51.2993,9.491
107.189.31.227,49.6113,6.1294
107.189.31.227,49.6113,6.1294
185.100.87.139,44.4117,26.0422
185.100.87.139,44.4117,26.0422
45.61.185.53,25.7806,-80.1826
45.61.184.244,25.7806,-80.1826
195.37.209.9,51.5332,6.9632
82.118.253.153,42.6951,23.325
185.100.87.253,44.4117,26.0422
185.100.87.253,44.4117,26.0422
107.189.5.5,49.6113,6.1294
5.2.188.23,47.0993,27.5621
104.244.79.6,49.6113,6.1294
104.244.79.234,49.6113,6.1294
104.244.72.120,49.6113,6.1294
104.244.79.6,49.6113,6.1294
107.189.5.5,49.6113,6.1294
104.244.79.234,49.6113,6.1294
104.244.72.120,49.6113,6.1294
107.189.13.254,49.6113,6.1294
107.189.13.254,49.6113,6.1294
185.112.146.73,65.0,-18.0
107.189.14.165,49.6113,6.1294
107.189.14.165,49.6113,6.1294
184.105.146.50,37.751,-97.822
104.244.72.132,49.6113,6.1294
104.244.72.132,49.6113,6.1294
109.201.133.100,52.0089,5.9647
102.130.113.9,-26.3811,27.8376
198.98.62.79,40.6063,-74.1774
198.98.50.112,40.6063,-74.1774
198.98.62.79,40.6063,-74.1774
199.195.252.18,40.6063,-74.1774
199.195.252.18,40.6063,-74.1774
198.98.60.19,40.6063,-74.1774
198.98.60.19,40.6063,-74.1774
107.189.13.143,49.6113,6.1294
107.189.13.143,49.6113,6.1294
107.189.12.240,49.6113,6.1294
107.189.12.240,49.6113,6.1294
107.189.12.238,49.6113,6.1294
107.189.12.238,49.6113,6.1294
185.130.47.58,52.352,4.9392
107.189.29.207,49.6113,6.1294
107.189.29.207,49.6113,6.1294
95.216.107.148,60.1719,24.9347
81.17.18.62,47.3857,8.5348
107.189.14.182,49.6113,6.1294
107.189.14.182,49.6113,6.1294
107.189.28.253,49.6113,6.1294
107.189.28.253,49.6113,6.1294
104.244.77.80,49.6113,6.1294
104.244.77.80,49.6113,6.1294
107.189.8.33,49.6113,6.1294
107.189.8.33,49.6113,6.1294
104.244.78.168,49.6113,6.1294
104.244.78.168,49.6113,6.1294
213.164.204.146,59.3274,18.0653
198.98.57.191,40.6063,-74.1774
198.98.57.191,40.6063,-74.1774
141.95.18.225,51.2993,9.491
107.189.12.148,49.6113,6.1294
209.141.60.19,36.102,-115.1447
104.244.76.127,49.6113,6.1294
141.95.18.207,51.2993,9.491
213.164.206.127,59.3274,18.0653
185.220.101.1,51.2993,9.491
185.220.101.3,51.2993,9.491
185.220.101.2,51.2993,9.491
185.220.101.6,51.2993,9.491
185.220.101.4,51.2993,9.491
185.220.101.1,51.2993,9.491
185.220.101.3,51.2993,9.491
185.220.101.6,51.2993,9.491
185.220.101.2,51.2993,9.491
185.220.101.4,51.2993,9.491
185.220.101.7,51.2993,9.491
185.220.101.7,51.2993,9.491
185.220.101.5,51.2993,9.491
185.220.101.8,51.2993,9.491
185.220.101.8,51.2993,9.491
185.220.101.5,51.2993,9.491
193.189.100.200,51.4964,-0.1224
193.189.100.201,51.4964,-0.1224
107.189.28.102,49.6113,6.1294
107.189.28.102,49.6113,6.1294
185.220.101.14,51.2993,9.491
185.220.101.11,51.2993,9.491
185.220.101.15,51.2993,9.491
185.220.101.13,51.2993,9.491
185.220.101.12,51.2993,9.491
185.220.101.14,51.2993,9.491
185.220.101.16,51.2993,9.491
185.220.101.15,51.2993,9.491
185.220.101.10,51.2993,9.491
185.220.101.11,51.2993,9.491
185.220.101.13,51.2993,9.491
185.220.101.9,51.2993,9.491
185.220.101.10,51.2993,9.491
185.220.101.12,51.2993,9.491
185.220.101.9,51.2993,9.491
185.220.101.16,51.2993,9.491
185.220.101.41,51.2993,9.491
185.220.101.33,51.2993,9.491
185.220.101.42,51.2993,9.491
185.220.101.39,51.2993,9.491
185.220.101.36,51.2993,9.491
185.220.101.38,51.2993,9.491
185.220.101.40,51.2993,9.491
185.220.101.32,51.2993,9.491
185.220.101.34,51.2993,9.491
185.220.101.37,51.2993,9.491
185.220.101.35,51.2993,9.491
46.167.244.6,50.1804,14.5205
185.220.101.45,51.2993,9.491
185.220.101.48,51.2993,9.491
185.220.101.44,51.2993,9.491
185.220.101.51,51.2993,9.491
185.220.101.50,51.2993,9.491
185.220.101.49,51.2993,9.491
185.220.101.52,51.2993,9.491
185.220.101.47,51.2993,9.491
185.220.101.46,51.2993,9.491
185.220.101.43,51.2993,9.491
81.17.18.61,47.3857,8.5348
185.220.101.61,51.2993,9.491
185.220.101.60,51.2993,9.491
185.220.101.55,51.2993,9.491
185.220.101.53,51.2993,9.491
185.220.101.54,51.2993,9.491
185.220.101.57,51.2993,9.491
185.220.101.63,51.2993,9.491
185.220.101.62,51.2993,9.491
185.220.101.56,51.2993,9.491
185.220.101.59,51.2993,9.491
185.220.101.58,51.2993,9.491
81.17.18.60,47.3857,8.5348
107.189.28.84,49.6113,6.1294
107.189.28.84,49.6113,6.1294
107.189.28.241,49.6113,6.1294
107.189.28.241,49.6113,6.1294
89.236.112.100,62.2673,25.6045
51.75.161.78,48.8582,2.3387
51.38.127.41,48.8582,2.3387
146.59.18.159,48.8582,2.3387
185.14.97.147,59.1728,10.2221
23.129.64.250,37.751,-97.822
81.17.18.59,47.3857,8.5348
209.141.41.103,36.102,-115.1447
107.189.13.172,49.6113,6.1294
185.14.97.147,59.1728,10.2221
107.189.2.91,49.6113,6.1294
107.189.13.172,49.6113,6.1294
37.123.163.58,59.3688,18.118
37.123.163.58,59.3688,18.118
5.255.97.176,52.3824,4.8995
193.32.127.153,47.43,8.5718
193.32.127.154,47.43,8.5718
185.113.128.30,51.5164,-0.093
193.32.127.159,47.43,8.5718
193.32.127.159,47.43,8.5718
193.32.127.154,47.43,8.5718
193.32.127.153,47.43,8.5718
209.141.51.30,36.102,-115.1447
104.244.78.160,49.6113,6.1294
104.244.78.160,49.6113,6.1294
104.244.72.7,49.6113,6.1294
104.244.72.7,49.6113,6.1294
185.100.86.74,60.152,24.8876
178.17.174.162,47.0042,28.8574
5.2.75.253,52.3824,4.8995
185.165.168.229,-4.5833,55.6667
107.189.12.135,49.6113,6.1294
107.189.12.135,49.6113,6.1294
128.31.0.13,37.751,-97.822
185.107.195.109,51.2993,9.491
51.15.250.93,48.8582,2.3387
107.189.7.88,49.6113,6.1294
107.189.7.88,49.6113,6.1294
185.100.87.136,44.4117,26.0422
23.184.48.9,51.9981,4.198
107.189.1.90,49.6113,6.1294
107.189.1.90,49.6113,6.1294
54.37.16.241,48.8582,2.3387
185.129.61.6,55.7123,12.0564
185.129.61.5,55.7123,12.0564
185.129.61.2,55.7123,12.0564
185.129.61.3,55.7123,12.0564
185.129.61.1,55.7123,12.0564
185.129.61.4,55.7123,12.0564
185.220.102.6,51.2993,9.491
185.220.102.7,51.2993,9.491
185.220.102.8,51.2993,9.491
93.95.228.205,64.1439,-21.98
185.220.102.6,51.2993,9.491
185.220.102.7,51.2993,9.491
107.189.4.253,49.6113,6.1294
107.189.4.253,49.6113,6.1294
185.220.102.8,51.2993,9.491
185.100.85.61,44.4152,26.166
23.129.64.213,37.751,-97.822
23.129.64.210,37.751,-97.822
23.129.64.212,37.751,-97.822
23.129.64.211,37.751,-97.822
104.244.78.213,49.6113,6.1294
104.244.78.213,49.6113,6.1294
195.254.135.76,45.9968,24.997
185.100.85.132,44.4152,26.166
199.195.248.29,40.6063,-74.1774
204.85.191.7,35.9153,-79.0386
107.189.3.244,49.6113,6.1294
107.189.3.244,49.6113,6.1294
193.218.118.231,50.458,30.5303
107.189.12.97,49.6113,6.1294
107.189.12.97,49.6113,6.1294
104.244.75.74,49.6113,6.1294
83.97.20.189,44.4152,26.166
107.189.14.27,49.6113,6.1294
107.189.14.27,49.6113,6.1294
51.195.45.190,51.2993,9.491
185.100.87.202,44.4117,26.0422
23.129.64.216,37.751,-97.822
23.129.64.215,37.751,-97.822
23.129.64.219,37.751,-97.822
23.129.64.217,37.751,-97.822
23.129.64.218,37.751,-97.822
23.129.64.214,37.751,-97.822
5.2.72.113,52.3824,4.8995
5.2.79.179,52.3824,4.8995
5.2.72.110,52.3824,4.8995
5.2.72.101,52.3824,4.8995
198.98.61.102,40.6063,-74.1774
41.215.242.42,30.0778,31.2852
198.98.61.102,40.6063,-74.1774
178.17.171.150,47.0042,28.8574
185.107.70.56,52.3824,4.8995
85.93.218.204,49.4998,5.9802
62.102.148.68,59.3247,18.056
62.102.148.69,59.3247,18.056
62.102.148.68,59.3247,18.056
198.46.166.157,37.751,-97.822
185.220.101.17,51.2993,9.491
185.220.101.18,51.2993,9.491
185.220.101.17,51.2993,9.491
185.220.101.18,51.2993,9.491
45.61.185.88,25.7806,-80.1826
5.255.97.170,52.3824,4.8995
185.165.171.175,-4.5833,55.6667
41.77.137.114,30.0355,31.223
107.189.14.77,49.6113,6.1294
198.98.54.184,40.6063,-74.1774
107.189.10.150,49.7895,6.0679
104.244.74.121,49.6113,6.1294
104.244.76.173,49.6113,6.1294
199.195.248.80,40.6063,-74.1774
107.189.5.206,49.6113,6.1294
104.244.78.183,49.6113,6.1294
198.98.56.248,40.6063,-74.1774
104.244.75.88,49.6113,6.1294
107.189.6.61,49.6113,6.1294
107.189.3.110,49.6113,6.1294
198.98.62.74,40.6063,-74.1774
198.98.60.97,40.6063,-74.1774
107.189.8.201,49.6113,6.1294
185.220.103.113,40.7064,-73.9473
185.220.103.116,40.7064,-73.9473
185.220.103.115,40.7064,-73.9473
185.220.103.114,40.7064,-73.9473
185.220.103.120,40.7064,-73.9473
185.220.103.117,40.7064,-73.9473
185.220.103.118,40.7064,-73.9473
185.220.103.119,40.7064,-73.9473
51.15.76.60,52.3759,4.8975
142.4.205.238,43.6319,-79.3716
80.67.167.81,48.8582,2.3387
185.51.76.187,55.6574,12.3603
160.119.249.240,-29.0,24.0
51.15.76.60,52.3759,4.8975
87.120.8.57,42.4963,27.4646
23.154.177.2,44.7862,-106.9608
23.154.177.6,44.7862,-106.9608
23.154.177.3,44.7862,-106.9608
23.154.177.5,44.7862,-106.9608
23.154.177.7,44.7862,-106.9608
23.154.177.4,44.7862,-106.9608
5.2.75.218,52.3824,4.8995
107.189.1.175,49.6113,6.1294
81.17.18.58,47.3857,8.5348
81.17.18.62,47.3857,8.5348
199.195.253.156,40.6063,-74.1774
199.195.253.156,40.6063,-74.1774
198.98.49.20,40.6063,-74.1774
151.80.148.159,50.6974,3.178
178.170.37.11,48.8323,2.4075
104.244.74.23,49.7855,6.1001
209.141.37.94,36.102,-115.1447
107.189.29.103,49.6113,6.1294
205.185.119.35,36.102,-115.1447
192.81.223.177,52.3006,4.9479
194.60.87.46,51.2184,6.7734
185.117.215.9,53.1112,9.2601
89.58.27.84,51.2993,9.491
158.69.63.54,45.4995,-73.5848
104.149.136.246,34.0494,-118.2661
104.149.136.246,34.0494,-118.2661
104.244.77.139,49.6113,6.1294
51.15.180.36,48.8582,2.3387
209.141.58.146,36.102,-115.1447
104.149.133.54,34.0494,-118.2661
104.149.133.54,34.0494,-118.2661
185.100.87.174,44.4117,26.0422
194.32.107.51,59.1728,10.2221
95.214.54.97,52.2394,21.0362
91.90.123.41,50.8509,4.3447
95.214.54.97,52.2394,21.0362
5.2.70.140,52.3824,4.8995
5.255.102.127,52.3824,4.8995
83.97.20.151,44.4152,26.166
185.247.226.89,-4.5833,55.6667
37.228.129.109,60.1717,24.9349
185.165.171.46,-4.5833,55.6667
91.234.19.55,51.5164,-0.093
198.98.62.150,40.6063,-74.1774
185.220.101.19,51.2993,9.491
185.220.101.24,51.2993,9.491
185.220.101.22,51.2993,9.491
185.220.101.21,51.2993,9.491
185.220.101.21,51.2993,9.491
185.220.101.24,51.2993,9.491
185.220.101.20,51.2993,9.491
185.220.101.22,51.2993,9.491
185.220.101.20,51.2993,9.491
185.220.101.19,51.2993,9.491
185.220.101.23,51.2993,9.491
147.135.62.203,38.6583,-77.2481
185.220.101.23,51.2993,9.491
45.151.167.12,51.2993,9.491
45.151.167.13,51.2993,9.491
45.151.167.12,51.2993,9.491
45.151.167.13,51.2993,9.491
185.142.239.49,52.4059,4.8298
185.220.101.36,51.2993,9.491
185.220.101.33,51.2993,9.491
185.220.101.39,51.2993,9.491
185.220.101.37,51.2993,9.491
185.220.101.38,51.2993,9.491
185.220.101.34,51.2993,9.491
185.220.101.32,51.2993,9.491
185.220.101.35,51.2993,9.491
212.47.229.4,48.8582,2.3387
107.174.138.172,37.751,-97.822
185.100.87.133,44.4117,26.0422
193.46.254.26,45.9968,24.997
89.58.30.164,51.2993,9.491
144.217.86.109,45.3161,-73.8736
23.184.48.209,51.9981,4.198
95.214.52.187,52.2394,21.0362
95.214.52.187,52.2394,21.0362
45.61.187.94,25.7806,-80.1826
117.53.155.129,2.5,112.5
185.36.81.95,54.9038,23.8924
93.95.230.253,65.0,-18.0
89.58.17.0,48.2048,16.3801
185.170.114.243,51.2993,9.491
173.237.206.68,42.3822,-71.4275
93.95.231.27,65.0,-18.0
194.32.107.159,59.1728,10.2221
194.32.107.159,59.1728,10.2221
37.120.177.0,52.7224,10.4038
194.32.107.161,59.1728,10.2221
194.32.107.161,59.1728,10.2221
152.89.105.0,51.2993,9.491
194.32.107.171,59.1728,10.2221
194.32.107.171,59.1728,10.2221
5.255.98.156,52.3824,4.8995
104.219.236.100,37.751,-97.822
23.184.48.238,51.9981,4.198
184.75.223.219,43.6403,-79.3711
74.82.47.194,39.6906,-111.8404
185.112.144.158,65.0,-18.0
46.226.105.168,48.8582,2.3387
185.130.47.82,52.352,4.9392
23.154.177.19,44.7862,-106.9608
23.154.177.21,44.7862,-106.9608
23.154.177.18,44.7862,-106.9608
23.154.177.20,44.7862,-106.9608
89.58.18.0,48.2048,16.3801
188.68.58.0,53.1564,11.0018
185.243.218.41,59.1728,10.2221
185.243.218.41,59.1728,10.2221
185.243.218.46,59.1728,10.2221
185.243.218.46,59.1728,10.2221
185.193.127.45,60.1717,24.9349
185.225.68.13,47.4919,19.05
103.234.220.205,22.2578,114.1657
104.219.236.119,37.751,-97.822
31.42.184.136,50.458,30.5303
31.42.184.136,50.458,30.5303
172.81.131.110,37.751,-97.822
23.175.32.11,43.6319,-79.3716
193.218.118.158,50.458,30.5303
81.16.33.42,48.2048,16.3801
46.38.247.22,51.2993,9.491
185.243.216.93,59.1728,10.2221
185.243.216.17,59.1728,10.2221
23.175.32.13,43.6319,-79.3716
109.70.100.76,48.1936,16.3726
109.70.100.82,48.1936,16.3726
109.70.100.83,48.1936,16.3726
109.70.100.75,48.1936,16.3726
109.70.100.81,48.1936,16.3726
109.70.100.81,48.1936,16.3726
109.70.100.76,48.1936,16.3726
109.70.100.83,48.1936,16.3726
109.70.100.78,48.1936,16.3726
109.70.100.84,48.1936,16.3726
109.70.100.77,48.1936,16.3726
109.70.100.79,48.1936,16.3726
109.70.100.82,48.1936,16.3726
109.70.100.79,48.1936,16.3726
109.70.100.75,48.1936,16.3726
109.70.100.77,48.1936,16.3726
109.70.100.84,48.1936,16.3726
109.70.100.80,48.1936,16.3726
109.70.100.78,48.1936,16.3726
185.220.101.76,51.2993,9.491
185.220.101.65,51.2993,9.491
185.220.101.71,51.2993,9.491
185.220.101.69,51.2993,9.491
185.220.101.72,51.2993,9.491
185.220.101.79,51.2993,9.491
185.220.101.68,51.2993,9.491
185.220.101.74,51.2993,9.491
109.70.100.80,48.1936,16.3726
185.220.101.79,51.2993,9.491
185.220.101.78,51.2993,9.491
185.220.101.65,51.2993,9.491
185.220.101.73,51.2993,9.491
185.220.101.66,51.2993,9.491
185.220.101.76,51.2993,9.491
185.220.101.68,51.2993,9.491
185.220.101.75,51.2993,9.491
185.220.101.67,51.2993,9.491
185.220.101.77,51.2993,9.491
185.220.101.72,51.2993,9.491
185.220.101.69,51.2993,9.491
185.220.101.71,51.2993,9.491
185.220.101.67,51.2993,9.491
185.220.101.75,51.2993,9.491
185.220.101.77,51.2993,9.491
185.220.101.73,51.2993,9.491
185.220.101.78,51.2993,9.491
185.220.101.64,51.2993,9.491
185.220.101.70,51.2993,9.491
185.220.101.70,51.2993,9.491
185.220.101.66,51.2993,9.491
185.220.101.64,51.2993,9.491
185.220.101.74,51.2993,9.491
185.254.75.32,51.2184,6.7734
80.78.22.210,59.3247,18.056
87.120.254.105,42.696,23.332
83.97.20.84,44.4152,26.166
209.141.44.64,36.102,-115.1447
216.239.90.19,45.4995,-73.5848
5.255.99.188,52.3824,4.8995
23.128.248.10,37.751,-97.822
23.128.248.13,37.751,-97.822
23.128.248.11,37.751,-97.822
23.128.248.14,37.751,-97.822
23.128.248.12,37.751,-97.822
23.128.248.18,37.751,-97.822
23.128.248.16,37.751,-97.822
23.128.248.20,37.751,-97.822
23.128.248.17,37.751,-97.822
23.128.248.19,37.751,-97.822
23.128.248.15,37.751,-97.822
192.109.119.104,52.4666,-1.9205
23.128.248.24,37.751,-97.822
23.128.248.28,37.751,-97.822
23.128.248.27,37.751,-97.822
23.128.248.25,37.751,-97.822
23.128.248.23,37.751,-97.822
23.128.248.26,37.751,-97.822
23.128.248.29,37.751,-97.822
23.128.248.22,37.751,-97.822
23.128.248.21,37.751,-97.822
71.19.144.235,37.353,-121.9543
31.42.184.136,50.458,30.5303
31.42.184.136,50.458,30.5303
31.42.184.136,50.458,30.5303
107.189.11.80,49.6113,6.1294
185.154.110.142,59.3691,17.8808
193.105.134.150,54.23,-4.57
91.149.225.172,52.2394,21.0362
91.211.89.43,50.4522,30.5287
91.203.144.194,50.4522,30.5287
209.141.34.134,36.102,-115.1447
185.100.85.24,44.4152,26.166
23.128.248.30,37.751,-97.822
5.252.178.210,47.1672,27.6083
54.38.183.101,48.8582,2.3387
142.4.206.84,43.6319,-79.3716
185.163.119.0,51.2993,9.491
146.70.29.254,1.2982,103.7836
185.100.85.25,44.4152,26.166
194.32.107.60,59.1728,10.2221
78.130.128.106,42.696,23.332
185.34.33.2,48.8582,2.3387
185.100.85.25,44.4152,26.166
142.4.206.84,43.6319,-79.3716
167.86.70.160,49.405,11.1617
5.79.109.48,52.3824,4.8995
138.59.17.40,10.0029,-84.0
142.4.206.84,43.6319,-79.3716
185.146.232.119,-4.5833,55.6667
142.4.206.84,43.6319,-79.3716
37.228.129.133,60.1717,24.9349
51.222.107.173,45.4995,-73.5848
185.100.85.22,44.4152,26.166
107.189.29.27,49.6113,6.1294
185.100.85.23,44.4152,26.166
23.128.248.31,37.751,-97.822
185.100.85.22,44.4152,26.166
185.100.85.23,44.4152,26.166
107.189.12.47,49.6113,6.1294
89.44.9.72,48.9335,2.3661
89.58.19.0,48.2048,16.3801
185.247.226.37,-4.5833,55.6667
45.61.188.144,25.7806,-80.1826
146.70.78.32,-33.943,151.181
185.125.168.28,59.1728,10.2221
45.41.240.19,51.5164,-0.093
185.100.85.24,44.4152,26.166
142.4.206.84,43.6319,-79.3716
161.97.116.228,49.405,11.1617
107.189.2.111,49.6113,6.1294
146.70.86.234,52.3109,4.9453
89.187.143.31,50.0853,14.411
104.149.155.226,34.0494,-118.2661
107.189.12.7,49.6113,6.1294
72.14.179.10,32.9473,-96.7028
5.2.76.207,52.3824,4.8995
106.104.36.189,24.1674,120.6334
92.35.66.155,58.8931,17.5512
62.171.137.169,49.405,11.1617
94.140.115.76,57.0,25.0
141.136.0.117,57.0,25.0
185.82.126.31,57.0,25.0
94.140.115.133,57.0,25.0
94.140.114.213,57.0,25.0
94.140.114.174,57.0,25.0
185.82.126.222,57.0,25.0
185.82.127.25,57.0,25.0
141.136.0.129,57.0,25.0
185.65.206.154,41.0011,28.9675
209.141.33.145,36.102,-115.1447
209.141.61.36,36.102,-115.1447
23.184.48.148,51.9981,4.198
107.189.6.184,49.6113,6.1294
203.28.246.189,37.751,-97.822
179.43.128.16,47.3682,8.5671
3.91.21.72,39.0469,-77.4903
195.16.73.23,6.4474,3.3903
172.107.241.110,41.387,2.1701
3.26.51.68,-33.8601,151.2101
23.184.48.61,51.9981,4.198
193.218.118.95,50.458,30.5303
194.15.216.21,52.2394,21.0362
185.227.68.78,60.1816,24.8368
23.128.248.32,37.751,-97.822
23.128.248.33,37.751,-97.822
23.128.248.36,37.751,-97.822
23.128.248.34,37.751,-97.822
23.128.248.35,37.751,-97.822
23.128.248.37,37.751,-97.822
202.165.228.161,31.5822,74.3292
104.244.78.6,49.6113,6.1294
23.128.248.39,37.751,-97.822
23.128.248.40,37.751,-97.822
23.128.248.47,37.751,-97.822
23.128.248.41,37.751,-97.822
23.128.248.48,37.751,-97.822
23.128.248.38,37.751,-97.822
23.128.248.42,37.751,-97.822
23.128.248.45,37.751,-97.822
23.128.248.46,37.751,-97.822
23.128.248.49,37.751,-97.822
23.128.248.44,37.751,-97.822
23.128.248.43,37.751,-97.822
107.189.13.251,49.6113,6.1294
144.172.118.37,30.1182,-95.4281
107.189.14.123,49.6113,6.1294
94.102.56.10,52.3759,4.8975
91.211.89.207,50.4522,30.5287
94.102.56.9,52.3759,4.8975
91.211.89.107,50.4522,30.5287
93.95.231.60,65.0,-18.0
94.102.56.11,52.3759,4.8975
94.102.56.8,52.3759,4.8975
199.249.230.87,32.7994,-117.1686
185.243.216.92,59.1728,10.2221
185.243.216.91,59.1728,10.2221
185.100.86.182,60.152,24.8876
185.191.204.254,31.5,34.75
46.101.150.59,50.1188,8.6843
185.254.198.32,40.7503,-74.0014
23.154.177.9,44.7862,-106.9608
23.154.177.11,44.7862,-106.9608
23.154.177.10,44.7862,-106.9608
23.154.177.8,44.7862,-106.9608
146.59.233.33,48.8582,2.3387
143.47.238.192,51.5368,-0.6718
144.172.73.66,55.7483,37.6171
176.58.121.177,51.5164,-0.093
103.251.167.10,52.5378,5.6966
31.24.148.37,53.0946,8.8787
51.159.70.42,48.8323,2.4075
185.243.218.27,59.1728,10.2221
176.58.89.182,52.3891,4.6563
185.14.97.176,59.1728,10.2221
185.14.97.176,59.1728,10.2221
185.243.218.27,59.1728,10.2221
185.14.97.176,59.1728,10.2221
185.14.97.176,59.1728,10.2221
5.255.100.41,52.3824,4.8995
85.204.116.21,45.9968,24.997
185.112.157.135,47.4919,19.05
45.95.238.91,52.3866,5.2782
213.152.161.5,52.3891,4.6563
162.247.74.7,37.751,-97.822
194.88.143.66,45.4722,9.1922
192.195.80.10,37.7642,-122.3993
148.153.1.4,34.0544,-118.2441
185.193.127.240,60.1717,24.9349
205.185.122.29,36.102,-115.1447
114.199.75.111,22.2578,114.1657
195.123.212.21,56.9496,24.0978
95.141.35.15,43.1479,12.1097
144.172.73.50,40.7538,-73.9836
91.206.27.26,52.2394,21.0362
23.129.64.149,37.751,-97.822
23.129.64.131,37.751,-97.822
23.129.64.132,37.751,-97.822
23.129.64.141,37.751,-97.822
23.129.64.142,37.751,-97.822
23.129.64.145,37.751,-97.822
23.129.64.140,37.751,-97.822
23.129.64.133,37.751,-97.822
23.129.64.147,37.751,-97.822
23.129.64.143,37.751,-97.822
23.129.64.139,37.751,-97.822
23.129.64.134,37.751,-97.822
23.129.64.135,37.751,-97.822
23.129.64.138,37.751,-97.822
23.129.64.144,37.751,-97.822
23.129.64.130,37.751,-97.822
23.129.64.148,37.751,-97.822
23.129.64.136,37.751,-97.822
23.129.64.137,37.751,-97.822
23.129.64.146,37.751,-97.822
160.202.162.186,37.3253,126.8178
193.34.167.111,52.3824,4.8995
185.243.218.32,59.1728,10.2221
217.138.199.94,50.0804,14.5045
198.98.52.143,40.6063,-74.1774
94.140.114.216,57.0,25.0
94.140.114.210,57.0,25.0
2.58.56.14,48.7855,2.1971
185.247.226.98,-4.5833,55.6667
143.244.46.154,50.458,30.5303
195.90.200.211,51.2993,9.491
45.154.255.138,59.3287,18.0717
45.12.134.107,52.3824,4.8995
45.12.134.107,52.3824,4.8995
45.154.255.139,59.3287,18.0717
192.42.116.13,52.3824,4.8995
198.98.49.224,40.6063,-74.1774
93.95.226.212,65.0,-18.0
185.112.147.12,65.0,-18.0
89.249.49.143,-4.5833,55.6667
193.218.118.51,50.458,30.5303
41.77.138.170,30.0355,31.223
38.242.197.202,37.751,-97.822
5.255.100.245,52.3824,4.8995
104.244.74.57,49.6113,6.1294
37.120.165.225,53.0255,10.4072
185.129.61.129,55.7123,12.0564
185.235.146.29,48.8582,2.3387
178.62.220.93,52.352,4.9392
193.218.118.130,50.458,30.5303
167.86.94.107,49.405,11.1617
45.61.188.251,25.7806,-80.1826
23.128.248.50,37.751,-97.822
164.92.218.139,52.352,4.9392
185.16.38.111,52.2394,21.0362
107.189.5.249,49.6113,6.1294
185.16.38.111,52.2394,21.0362
185.16.38.112,52.2394,21.0362
185.16.38.110,52.2394,21.0362
185.16.38.112,52.2394,21.0362
185.16.38.110,52.2394,21.0362
179.43.187.138,47.3682,8.5671
95.143.188.216,55.7386,37.6068
185.247.226.69,-4.5833,55.6667
51.79.68.11,43.6319,-79.3716
81.16.33.31,48.2048,16.3801
144.24.162.178,50.1049,8.6295
178.17.170.174,47.0042,28.8574
173.82.219.75,34.413,-118.4269
54.36.108.162,48.8582,2.3387
198.98.50.199,40.6063,-74.1774
185.202.107.18,50.1188,8.6843
83.97.20.90,44.4152,26.166
45.61.186.160,25.7806,-80.1826
185.174.101.214,34.0485,-118.2529
89.33.8.42,45.9968,24.997
93.190.137.198,51.9981,4.198
85.204.116.204,45.9968,24.997
31.13.195.141,42.696,23.332
209.141.57.178,36.102,-115.1447
87.120.37.231,42.6951,23.325
89.248.168.215,52.3759,4.8975
93.174.89.131,52.3759,4.8975
93.174.89.130,52.3759,4.8975
93.174.89.132,52.3759,4.8975
201.103.144.238,19.4326,-99.1332
187.170.238.225,19.4326,-99.1332
198.251.89.135,49.6113,6.1294
5.2.70.223,52.3824,4.8995
80.82.78.13,52.3759,4.8975
209.141.54.203,36.102,-115.1447
107.189.12.88,49.6113,6.1294
45.61.186.203,25.7806,-80.1826
178.17.170.174,47.0042,28.8574
107.189.8.136,49.6113,6.1294
107.189.13.91,49.6113,6.1294
199.195.249.214,40.6063,-74.1774
51.77.52.216,52.2484,21.0026
107.189.12.178,49.6113,6.1294
5.2.73.196,52.3824,4.8995
5.2.73.24,52.3824,4.8995
176.107.190.138,50.458,30.5303
185.72.86.55,57.0,25.0
178.175.134.58,47.0042,28.8574
23.128.248.59,37.751,-97.822
23.128.248.62,37.751,-97.822
23.128.248.55,37.751,-97.822
23.128.248.60,37.751,-97.822
23.128.248.54,37.751,-97.822
23.128.248.63,37.751,-97.822
23.128.248.57,37.751,-97.822
64.227.41.113,51.5368,-0.6718
23.128.248.58,37.751,-97.822
23.128.248.64,37.751,-97.822
23.128.248.61,37.751,-97.822
23.128.248.51,37.751,-97.822
23.128.248.53,37.751,-97.822
23.128.248.56,37.751,-97.822
23.128.248.52,37.751,-97.822
23.128.248.65,37.751,-97.822
95.214.52.156,52.2394,21.0362
95.214.52.189,52.2394,21.0362
95.214.52.208,52.2394,21.0362
95.214.52.189,52.2394,21.0362
95.214.52.208,52.2394,21.0362
198.167.206.240,59.3247,18.056
198.167.206.148,59.3247,18.056
198.167.206.216,59.3247,18.056
198.167.206.221,59.3247,18.056
154.53.40.31,38.6287,-90.1988
95.214.52.156,52.2394,21.0362
205.185.124.178,36.102,-115.1447
107.189.30.52,49.6113,6.1294
135.125.205.25,48.8582,2.3387
185.129.61.9,55.7123,12.0564
185.129.61.10,55.7123,12.0564
185.129.61.7,55.7123,12.0564
185.129.61.8,55.7123,12.0564
45.70.30.164,-20.3808,-49.2052
185.246.188.95,-4.5833,55.6667
45.85.147.101,34.0544,-118.2441
185.246.188.95,-4.5833,55.6667
51.81.254.17,45.5229,-122.9898
185.246.188.95,-4.5833,55.6667
5.181.25.51,44.4152,26.166
135.125.190.144,48.8582,2.3387
5.8.32.72,52.3891,4.6563
37.187.18.212,48.8582,2.3387
89.39.105.92,51.9981,4.198
13.233.134.67,19.0748,72.8856
107.189.10.218,49.7895,6.0679
45.32.213.189,33.7485,-84.3871
185.105.90.134,55.9155,37.8263
162.62.58.209,50.1188,8.6843
185.212.149.103,60.1792,24.9337
185.161.208.42,52.5275,5.7271
5.255.100.243,52.3824,4.8995
185.243.218.78,59.1728,10.2221
38.242.225.218,51.2184,6.7734
37.48.120.196,52.3824,4.8995
37.228.129.5,60.1717,24.9349
192.153.95.1,35.6897,139.6895
